TYPE,CONTENT,DESCRIPTION,PRIORITY,INDENT,AUTHOR,RESPONSIBLE,DATE,DATE_LANG,TIMEZONE
task,Buy 1x Jigger (1oz/2oz),The only pour control on 27+ bottles of liquor besides the spouts. Total Wine.,1,1,,,Aug 22,en,
task,Buy 4x Tres Agaves Bloody Mary Mix (750ml),"Michelada — 2.5oz per serving. Total Wine, none secured yet.",1,1,,,Aug 22,en,
task,"Buy 1 more Reàl/Torani Passion Fruit Purée (16.9oz) — 4 already have, need 5 total","Feeds Tang Dynasty, the Thursday Gradient Descent jug, Catboy Café green tea, and Catboy Piss. Total Wine.",1,1,,,Aug 22,en,
task,Buy 1x Torani Guava Syrup (25.4oz) for Guavascript — or guava purée as fallback,Total Wine didn't have guava (either format) last visit — real chance it strikes out again. Amazon is the fallback if it's a bust twice.,1,1,,,Aug 22,en,
task,"Buy 3 more Tres Agaves Paloma Mix (33.8oz) — 2 already have, need 5 total",Guavascript's base mixer. Total Wine.,1,1,,,Aug 22,en,
task,"Buy 1 more Tres Agaves Margarita Mix (33.8oz) — 2 already have, need 3 total",Localhost's base mixer. Total Wine.,1,1,,,Aug 22,en,
task,"Buy 1x Aloe vera juice, 1.5L with pulp (Catboy Snot)","Drinking aloe, inner-fillet/decolorized (OKF Aloe Vera King, Grace, Alo) — NOT whole-leaf or supplement aloe. Rainbow Grocery.",1,1,,,Aug 22,en,
task,Buy 1x container of salt for rims + jug salting,"Ranch Water, Margarita, Paloma, Guavascript salt rims, plus 1.5 tsp per jug every night. Wine & More.",1,1,,,Aug 22,en,
task,"Buy 3x Lime juice (48oz bottles, PLAIN UNSWEETENED)","Now the rush-overflow backup for the jugs, not the primary source (jugs switched to fresh-squeezed lime). Needs to be plain, not a sweetened cordial like Rose's — may go straight into a jug undiluted. Total Wine.",1,1,,,Aug 22,en,
